org_key,title,unjobs_url,original_url,exclusion_reason
idb,"IDB. AI - Driven Workflow Automation Support Intern, United States Washington D.C.",https://unjobs.org/vacancies/1789653253541,,bank_exclude
idb,"IDB. AI for Financial Intelligence, Knowledge Graphs and Data Integration Intern, United States Washington D.C.",https://unjobs.org/vacancies/1789653249357,,bank_exclude
idb,"IDB. Undergraduate Intern to Support Anti-Money Laundering and Financial Crime Compliance, United States Washington D.C.",https://unjobs.org/vacancies/1789653236318,,bank_exclude
idb,"IDB. Research Intern in State Effectiveness, Public Sector Reform, and Institutional Capacity, United States Washington D.C.",https://unjobs.org/vacancies/1789653223547,,bank_exclude
idb,"IDB. Undergraduate Emerging Technologies Lab Intern, United States Washington D.C.",https://unjobs.org/vacancies/1789653215106,,bank_exclude
idb,"IDB. Intern in Data Analytics to Support IDB Disaster Risk Due Diligence, United States Washington D.C.",https://unjobs.org/vacancies/1789653210731,,bank_exclude
idb,"IDB. Macroeconomics and Reforms in the Caribbean Region Intern, Washington D.C.",https://unjobs.org/vacancies/1789413852961,,bank_exclude
idb,"IDB. Intern to Support Staff Retirement Plans Investments Operations, United States Washington D.C.",https://unjobs.org/vacancies/1789220862692,,bank_exclude
idb,"IDB. Undergraduate Technical AI and Data Intern, United States Washington D.C.",https://unjobs.org/vacancies/1789220854107,,bank_exclude
idb,"IDB. Intern to Support the Partner Engagement Content Development and Business Intelligence, United States Washington D.C.",https://unjobs.org/vacancies/1789220838979,,bank_exclude
idb,"IDB. Investment Risk Management Intern, United States Washington D.C.",https://unjobs.org/vacancies/1789220825977,,bank_exclude
idb,"IDB. Infrastructure and Energy Intern, United States Washington D.C.",https://unjobs.org/vacancies/1789220817457,,bank_exclude
idb,"IDB. Intern to Support Social Sector with Knowledge Management, Analytics and Technical Cooperation, United States Washington D.C.",https://unjobs.org/vacancies/1789307199511,,bank_exclude
idb,"IDB. Intern to Support GIS Data and Documentation, United States Washington D.C.",https://unjobs.org/vacancies/1789307182131,,bank_exclude
idb,"IDB. Digital Finance Operations Intern, Washington D.C.",https://unjobs.org/vacancies/1789307177656,,bank_exclude
idb,"IDB. ESG Capacity Building and Knowledge Intern, United States Washington D.C.",https://unjobs.org/vacancies/1789307173267,,bank_exclude
idb,"IDB. Intern to Support Corporate Legal Affairs, United States Washington D.C.",https://unjobs.org/vacancies/1789307168938,,bank_exclude
idb,"IDB. Intern to Support Social Sector in Research on Economic Participation and Economic Security, Washington D.C.",https://unjobs.org/vacancies/1789307163914,,bank_exclude
idb,"IDB. Credit Risk Management Intern, Unit, Washington D.C.",https://unjobs.org/vacancies/1789307153463,,bank_exclude
idb,"IDB. Undergraduate Administrative & Communications Intern, United States Washington D.C.",https://unjobs.org/vacancies/1789044050711,,bank_exclude
idb,"IDB Invest. Corporate Sectors - Strategy and Research Intern, United States Washington D.C.",https://unjobs.org/vacancies/1789044042126,,bank_exclude
idb,"IDB. Accounting and Financial Reporting Intern, United States Washington D.C.",https://unjobs.org/vacancies/1789044037417,,bank_exclude
idb,"IDB Invest. Regions Upstream Intern, United States Washington D.C.",https://unjobs.org/vacancies/1789044033142,,bank_exclude
idb,"IDB. Undergraduate Intern to Support Systems UX/UI Design and Communications, United States Washington D.C.",https://unjobs.org/vacancies/1789044022211,,bank_exclude
idb,"IDB. Undergraduate Annual Donor Report Preparation Support Intern, United States Washington D.C.",https://unjobs.org/vacancies/1789043994734,,bank_exclude
